sample  ,gene
ED_femur.tibia_ZR751_10,VARS1
ED_femur.tibia_ZR751_10,ABCF1
ED_femur.tibia_ZR751_10,FLOT1
ED_femur.tibia_ZR751_10,BAG6
ED_femur.tibia_ZR751_10,RPS18
ED_femur.tibia_ZR751_10,DHX16
ED_femur.tibia_ZR751_10,EHMT2
ED_femur.tibia_ZR751_10,PRPF31
ED_femur.tibia_ZR751_10,WDR18
ED_femur.tibia_ZR751_10,CNOT3
ED_femur.tibia_ZR751_10,RPS9
ED_femur.tibia_ZR751_10,EME2
ED_femur.tibia_ZR751_10,ID3
ED_femur.tibia_ZR751_10,ID1
ED_femur.tibia_ZR751_10,KRT81
ED_femur.tibia_ZR751_10,PCAT14
ED_femur.tibia_ZR751_10,RNA5S17
ED_humerus_MCF7_16,H2AW
ED_humerus_MCF7_16,RNA5S17
ED_humerus_MCF7_16,RNA5S9
ED_humerus_MCF7_16,RNA5S13
ED_humerus_MCF7_16,RNA5S12
ED_humerus_MCF7_16,RNA5S10
ED_humerus_MCF7_16,RNA5S11
ED_humerus_MCF7_16,RNA5S14
ED_humerus_MCF7_16,RNA5S15
ED_humerus_MCF7_16,RNA5S16
ED_humerus_MCF7_16,RNVU1-2
ED_humerus_MCF7_16,RNU1-1
ED_humerus_MCF7_16,RNU2-2P
ED_humerus_MCF7_16,RNU1-2
ED_humerus_MCF7_16,RNU6-2
ED_humerus_MCF7_16,SBK1
ED_humerus_MCF7_16,H2BC17
ED_humerus_MCF7_16,RNVU1-18
ED_humerus_MCF7_16,H2AC4
ED_humerus_MCF7_16,H2BC15
ED_humerus_MCF7_16,RNU6-7
ED_humerus_MCF7_16,RNVU1-7
ED_humerus_MCF7_16,RNVU1-17
ED_humerus_MCF7_16,FLG2
ED_humerus_MCF7_16,RNVU1-1
ED_humerus_MCF7_16,TFPT
ED_humerus_MCF7_16,HMGB1
ED_humerus_MCF7_16,PAXBP1
ED_humerus_MCF7_16,RN7SL1
ED_humerus_MCF7_16,PGK1
ED_humerus_MCF7_16,AEN
ED_humerus_MCF7_16,WFDC2
ED_humerus_MCF7_16,SIAE
ED_humerus_MCF7_16,BCL11A
ED_humerus_MCF7_16,HNRNPA3
ED_humerus_MCF7_16,HEBP1
ED_humerus_MCF7_16,GSG1
ED_humerus_MCF7_16,PNPLA4
ED_humerus_MCF7_16,RNU1-27P
ED_humerus_MCF7_16,RNU1-28P
ED_humerus_MCF7_16,MORC4
ED_humerus_MCF7_16,RNU1-3
ED_humerus_MCF7_16,RNU1-4
ED_humerus_MCF7_16,NKD1
ED_humerus_MCF7_16,GH1
ED_humerus_MCF7_16,ADCY10P1
ED_humerus_MCF7_16,LINC02610
ED_humerus_MCF7_16,RNU6-36P
ED_humerus_MCF7_16,RNU6-14P
E2_femur.tibia_MCF7_15.1C,AARS2
E2_femur.tibia_MCF7_15.1C,SPHK1
E2_femur.tibia_MCF7_15.1C,FGGY
E2_femur.tibia_MCF7_15.1C,FAH
E2_femur.tibia_MCF7_15.1C,CEACAM1
E2_femur.tibia_MCF7_15.1C,IDH3B
E2_femur.tibia_MCF7_15.1C,GCAT
E2_femur.tibia_MCF7_15.1C,HUS1
E2_femur.tibia_MCF7_15.1C,HTR7P1
E2_femur.tibia_MCF7_15.1C,JPX
E2_femur.tibia_MCF7_15.1C,ARHGAP24
E2_femur.tibia_MCF7_15.1C,RPH3AL
E2_femur.tibia_MCF7_15.1C,COMTD1
E2_femur.tibia_MCF7_15.1C,R3HCC1
E2_femur.tibia_MCF7_15.1C,KIF9
E2_femur.tibia_MCF7_15.1C,MAPK8IP1
E2_femur.tibia_MCF7_15.1C,ADD3
E2_femur.tibia_MCF7_15.1C,PIGF
E2_femur.tibia_MCF7_15.1C,ZNF202
E2_femur.tibia_MCF7_15.1C,PLEKHM3
E2_femur.tibia_MCF7_15.1C,ABT1
E2_femur.tibia_MCF7_15.1C,RRP8
E2_femur.tibia_MCF7_15.1C,TIGD1
E2_femur.tibia_MCF7_15.1C,SMIM8
E2_femur.tibia_MCF7_15.1C,TIMM29
E2_femur.tibia_MCF7_15.1C,DFFA
E2_femur.tibia_MCF7_15.1C,ZFAND2A
E2_femur.tibia_MCF7_15.1C,CCDC66
E2_femur.tibia_MCF7_15.1C,SMC1B
E2_femur.tibia_MCF7_15.1C,RNF216P1
E2_femur.tibia_MCF7_15.1C,DDIAS
E2_femur.tibia_MCF7_15.1C,SNRPG
E2_femur.tibia_MCF7_15.1C,OBSCN-AS1
E2_femur.tibia_MCF7_15.1C,CGRRF1
E2_femur.tibia_MCF7_15.1C,ZNF816
E2_femur.tibia_MCF7_15.1C,THEM5
E2_femur.tibia_MCF7_15.1C,ACSS1
E2_femur.tibia_MCF7_15.1C,DHODH
E2_femur.tibia_MCF7_15.1C,NAXE
E2_femur.tibia_MCF7_15.1C,LRGUK
E2_femur.tibia_MCF7_15.1C,IDNK
E2_femur.tibia_MCF7_15.1C,MTMR7
E2_femur.tibia_MCF7_15.1C,NAPEPLD
E2_femur.tibia_MCF7_15.1C,NT5C1B
E2_femur.tibia_MCF7_15.1C,LHPP
E2_femur.tibia_MCF7_15.1C,TIGAR
E2_femur.tibia_MCF7_15.1C,SGPP2
E2_femur.tibia_MCF7_15.1C,PLAAT3
E2_femur.tibia_MCF7_15.1C,PLA2G4C
E2_femur.tibia_MCF7_15.1C,QPRT
E2_femur.tibia_MCF7_15.1C,PRKAG2
E2_femur.tibia_MCF7_15.1C,PPARA
E2_femur.tibia_MCF7_15.1C,ADSL
E2_femur.tibia_MCF7_15.1C,ST3GAL1
E2_femur.tibia_MCF7_15.1C,CEMIP
E2_femur.tibia_MCF7_15.1C,ASAH2
E2_femur.tibia_MCF7_15.1C,B4GALT4
E2_femur.tibia_MCF7_15.1C,KCNJ11
E2_femur.tibia_MCF7_15.1C,SELENOS
E2_femur.tibia_MCF7_15.1C,PSMB9
E2_femur.tibia_MCF7_15.1C,SLC25A19
E2_femur.tibia_MCF7_15.1C,VKORC1
E2_femur.tibia_MCF7_15.1C,SCLY
E2_femur.tibia_MCF7_15.1C,PTPN21
E2_femur.tibia_MCF7_15.1C,PER1
E2_femur.tibia_MCF7_15.1C,GCHFR
E2_femur.tibia_MCF7_15.1C,CAPS
E2_femur.tibia_MCF7_15.1C,TIPIN
E2_femur.tibia_MCF7_15.1C,POLR3G
E2_femur.tibia_MCF7_15.1C,CAB39L
E2_femur.tibia_MCF7_15.1C,RNVU1-14
E2_femur.tibia_MCF7_15.1C,MNX1
E2_femur.tibia_MCF7_15.1C,FAM234B
E2_femur.tibia_MCF7_15.1C,TOMM40L
E2_femur.tibia_MCF7_15.1C,MED9
E2_femur.tibia_MCF7_15.1C,FBXO44
E2_femur.tibia_MCF7_15.1C,ARL14EP
E2_femur.tibia_MCF7_15.1C,ZNF596
E2_femur.tibia_MCF7_15.1C,SEMA6D
E2_femur.tibia_MCF7_15.1C,FBXL14
E2_femur.tibia_MCF7_15.1C,CEP57
E2_femur.tibia_MCF7_15.1C,LSM1
E2_femur.tibia_MCF7_15.1C,ZNF442
E2_femur.tibia_MCF7_15.1C,PKNOX1
E2_femur.tibia_MCF7_15.1C,ANKRD19P
E2_femur.tibia_MCF7_15.1C,ABHD17B
E2_femur.tibia_MCF7_15.1C,NEBL
E2_femur.tibia_MCF7_15.1C,CENPBD1P1
E2_femur.tibia_MCF7_15.1C,CLIC6
E2_femur.tibia_MCF7_15.1C,LEKR1
E2_femur.tibia_MCF7_15.1C,C9orf72
E2_femur.tibia_MCF7_15.1C,IL20RB
E2_femur.tibia_MCF7_15.1C,FHL2
E2_femur.tibia_MCF7_15.1C,EFCAB2
E2_femur.tibia_MCF7_15.1C,HSPB8
E2_femur.tibia_MCF7_15.1C,PCDHA9
E2_femur.tibia_MCF7_15.1C,MALL
E2_femur.tibia_MCF7_15.1C,OXTR
E2_femur.tibia_MCF7_15.1C,SPATA18
E2_femur.tibia_MCF7_15.1C,LYPD6B
E2_femur.tibia_MCF7_15.1C,DNAH12
E2_femur.tibia_MCF7_15.1C,MLF1
E2_femur.tibia_MCF7_15.1C,STEAP4
E2_femur.tibia_MCF7_15.1C,TTC38
E2_femur.tibia_MCF7_15.1C,WNT9A
E2_femur.tibia_MCF7_15.1C,KLRB1
E2_femur.tibia_MCF7_15.1C,LINC00467
E2_femur.tibia_MCF7_15.1C,RAET1E
E2_femur.tibia_MCF7_15.1C,MPPE1
E2_femur.tibia_MCF7_15.1C,PLPP1
E2_femur.tibia_MCF7_15.1C,PLPPR5
E2_femur.tibia_MCF7_15.1C,PHLPP2
E2_femur.tibia_MCF7_15.1C,PDE6C
E2_femur.tibia_MCF7_15.1C,HDDC3
E2_femur.tibia_MCF7_15.1C,POP7
E2_femur.tibia_MCF7_15.1C,OTULINL
E2_femur.tibia_MCF7_15.1C,PLAUR
E2_femur.tibia_MCF7_15.1C,ZNRF3
E2_femur.tibia_MCF7_15.1C,CCDC63
E2_femur.tibia_MCF7_15.1C,AVPI1
E2_femur.tibia_MCF7_15.1C,LPCAT2
E2_femur.tibia_MCF7_15.1C,C9orf85
E2_femur.tibia_MCF7_15.1C,DLEU2
E2_femur.tibia_MCF7_15.1C,CDKL3
E2_femur.tibia_MCF7_15.1C,PLGRKT
E2_femur.tibia_MCF7_15.1C,MRPL18
E2_femur.tibia_MCF7_15.1C,PPFIBP2
E2_femur.tibia_MCF7_15.1C,ID1
E2_femur.tibia_MCF7_15.1C,ANO1
E2_femur.tibia_MCF7_15.1C,GPR155
E2_femur.tibia_MCF7_15.1C,FGF12
E2_femur.tibia_MCF7_15.1C,LIN7A
E2_femur.tibia_MCF7_15.1C,RFESD
E2_femur.tibia_MCF7_15.1C,OLFM1
E2_femur.tibia_MCF7_15.1C,P3H4
E2_femur.tibia_MCF7_15.1C,ABCA10
E2_femur.tibia_MCF7_15.1C,SASS6
E2_femur.tibia_MCF7_15.1C,AC010326.1
E2_femur.tibia_MCF7_15.1C,DHRS2
E2_femur.tibia_MCF7_15.1C,CYP4A22
E2_femur.tibia_MCF7_15.1C,B3GALT2
E2_femur.tibia_MCF7_15.1C,TIAM2
E2_femur.tibia_MCF7_15.1C,C9orf106
E2_femur.tibia_MCF7_15.1C,RETREG1
E2_femur.tibia_MCF7_15.1C,NELL2
E2_femur.tibia_MCF7_15.1C,SPARCL1
E2_femur.tibia_MCF7_15.1C,SLC35E3
E2_femur.tibia_MCF7_15.1C,PGGHG
E2_femur.tibia_MCF7_15.1C,MTX2
E2_femur.tibia_MCF7_15.1C,ZNF790-AS1
E2_femur.tibia_MCF7_15.1C,TCEANC
E2_femur.tibia_MCF7_15.1C,MED10
E2_femur.tibia_MCF7_15.1C,WDFY2
E2_femur.tibia_MCF7_15.1C,BLNK
E2_femur.tibia_MCF7_15.1C,LRRC57
E2_femur.tibia_MCF7_15.1C,ID4
E2_femur.tibia_MCF7_15.1C,MEGF11
E2_femur.tibia_MCF7_15.1C,ANKRD20A11P
E2_femur.tibia_MCF7_15.1C,SPATA5L1
E2_femur.tibia_MCF7_15.1C,SCAND1
E2_femur.tibia_MCF7_15.1C,COPS8
E2_femur.tibia_MCF7_15.1C,MINCR
E2_femur.tibia_MCF7_15.1C,CYB5RL
E2_femur.tibia_MCF7_15.1C,FAM122A
E2_femur.tibia_MCF7_15.1C,SKIDA1
E2_femur.tibia_MCF7_15.1C,DLG4
E2_femur.tibia_MCF7_15.1C,MAPK4
E2_femur.tibia_MCF7_15.1C,TSACC
E2_femur.tibia_MCF7_15.1C,CTSL
E2_femur.tibia_MCF7_15.1C,RNF180
E2_femur.tibia_MCF7_15.1C,CAMLG
E2_femur.tibia_MCF7_15.1C,TMUB1
E2_femur.tibia_MCF7_15.1C,KCTD13
E2_femur.tibia_MCF7_15.1C,GABARAPL1
E2_femur.tibia_MCF7_15.1C,KLK6
E2_femur.tibia_MCF7_15.1C,ACVR2A
E2_femur.tibia_MCF7_15.1C,SCML1
E2_femur.tibia_MCF7_15.1C,ZNF354A
E2_femur.tibia_MCF7_15.1C,CCDC126
E2_femur.tibia_MCF7_15.1C,BORA
E2_femur.tibia_MCF7_15.1C,C1QTNF7
E2_femur.tibia_MCF7_15.1C,ANKRD39
E2_femur.tibia_MCF7_15.1C,GRIP1
E2_femur.tibia_MCF7_15.1C,DNAJC4
E2_femur.tibia_MCF7_15.1C,SFMBT2
E2_femur.tibia_MCF7_15.1C,BFSP1
E2_femur.tibia_MCF7_15.1C,PKP1
E2_femur.tibia_MCF7_15.1C,MINAR1
E2_femur.tibia_MCF7_15.1C,ANXA8
E2_femur.tibia_MCF7_15.1C,HESX1
E2_femur.tibia_MCF7_15.1C,MYH7B
E2_femur.tibia_MCF7_15.1C,WHAMM
E2_femur.tibia_MCF7_15.1C,SLC8A1
E2_femur.tibia_MCF7_15.1C,MYL9
E2_femur.tibia_MCF7_15.1C,AMOT
E2_femur.tibia_MCF7_15.1C,CASP14
E2_femur.tibia_MCF7_15.1C,DNAH17
E2_femur.tibia_MCF7_15.1C,IFT20
E2_femur.tibia_MCF7_15.1C,KIF9-AS1
E2_femur.tibia_MCF7_15.1C,MIR924HG
E2_femur.tibia_MCF7_15.1C,ANGPTL7
E2_femur.tibia_MCF7_15.1C,FRG1HP
E2_femur.tibia_MCF7_15.1C,CCDC84
E2_femur.tibia_MCF7_15.1C,TBC1D7
E2_femur.tibia_MCF7_15.1C,SLC7A5P1
E2_femur.tibia_MCF7_15.1C,LIN52
E2_femur.tibia_MCF7_15.1C,ORAI3
E2_femur.tibia_MCF7_15.1C,RBM5-AS1
E2_femur.tibia_MCF7_15.1C,RNF212B
E2_femur.tibia_MCF7_15.1C,IGDCC3
E2_femur.tibia_MCF7_15.1C,RSKR
E2_femur.tibia_MCF7_15.1C,SLC25A18
E2_femur.tibia_MCF7_15.1C,NEURL1
E2_femur.tibia_MCF7_15.1C,HDHD3
E2_femur.tibia_MCF7_15.1C,CASC9
E2_femur.tibia_MCF7_15.1C,DLK2
E2_femur.tibia_MCF7_15.1C,SLC24A5
E2_femur.tibia_MCF7_15.1C,C3orf35
E2_femur.tibia_MCF7_15.1C,FRG1JP
E2_femur.tibia_MCF7_15.1C,GRB14
E2_femur.tibia_MCF7_15.1C,ITPK1-AS1
E2_femur.tibia_MCF7_15.1C,CD200R1L
E2_femur.tibia_MCF7_15.1C,ZNF528
E2_femur.tibia_MCF7_15.1C,DPY19L2P1
E2_femur.tibia_MCF7_15.1C,PYROXD2
E2_femur.tibia_MCF7_15.1C,CEACAM19
E2_femur.tibia_MCF7_15.1C,KTN1-AS1
E2_femur.tibia_MCF7_15.1C,KAAG1
E2_femur.tibia_MCF7_15.1C,DRICH1
E2_femur.tibia_MCF7_15.1C,SYNJ2-IT1
E2_femur.tibia_MCF7_15.1C,FRG1EP
E2_femur.tibia_MCF7_15.1C,SNORD53
E2_femur.tibia_MCF7_15.1C,HOXC13-AS
E2_femur.tibia_MCF7_15.1C,LINC00645
E2_femur.tibia_MCF7_15.1C,OR8B12
E2_femur.tibia_MCF7_15.1C,B4GALT4-AS1
E2_femur.tibia_MCF7_15.1C,LINC02148
E2_femur.tibia_MCF7_15.1C,THSD4-AS1
E2_femur.tibia_MCF7_15.1C,LINC01814
E2_femur.tibia_MCF7_15.1C,ANKRD37
E2_femur.tibia_MCF7_15.1C,TP53TG5
E2_femur.tibia_MCF7_15.1C,PLS3
E2_femur.tibia_MCF7_15.1C,CABP4
E2_femur.tibia_MCF7_15.1C,LINC02466
E2_femur.tibia_MCF7_15.1C,ITFG1-AS1
E2_femur.tibia_MCF7_15.1C,ARHGAP31
E2_femur.tibia_MCF7_15.1C,GDAP1L1
E2_femur.tibia_MCF7_15.1C,DPF3
E2_femur.tibia_MCF7_15.1C,ZNF524
E2_femur.tibia_MCF7_15.1C,TBC1D8-AS1
E2_femur.tibia_MCF7_15.1C,FGF12-AS1
E2_femur.tibia_MCF7_15.1C,VWA3A
E2_femur.tibia_MCF7_15.1C,SH3GL1P2
E2_femur.tibia_MCF7_15.1C,IL3RA
E2_femur.tibia_MCF7_15.1C,CERS3-AS1
E2_femur.tibia_MCF7_15.1C,SCARF2
E2_femur.tibia_MCF7_15.1C,LHX6
E2_femur.tibia_MCF7_15.1C,GNB3
E2_femur.tibia_MCF7_15.1C,ARHGDIG
E2_femur.tibia_MCF7_15.1C,LPAR3
E2_femur.tibia_MCF7_15.1C,CHST8
E2_femur.tibia_MCF7_15.1C,POU2F2
E2_femur.tibia_MCF7_15.1C,RCN3
E2_femur.tibia_MCF7_15.1C,EGF
E2_femur.tibia_MCF7_15.1C,UCA1
E2_femur.tibia_MCF7_15.1C,MIR9-3HG
E2_femur.tibia_MCF7_15.1C,HCN3
E2_femur.tibia_MCF7_15.1C,STRC
E2_femur.tibia_MCF7_15.1C,SEMA6A-AS1
E2_femur.tibia_MCF7_15.1C,ACE
E2_femur.tibia_MCF7_15.1C,FAM71D
E2_femur.tibia_MCF7_15.1C,MUC12
E2_femur.tibia_MCF7_15.1C,ME3
E2_femur.tibia_MCF7_15.1C,CXCR6
E2_femur.tibia_MCF7_15.1C,NCMAP
E2_femur.tibia_MCF7_15.1C,RBM11
E2_femur.tibia_MCF7_15.1C,INSL6
E2_femur.tibia_MCF7_15.1C,ZNF391
E2_femur.tibia_MCF7_15.1C,MT-TW
E2_femur.tibia_MCF7_15.1C,ARHGAP30
E2_femur.tibia_MCF7_15.1C,LINC01473
E2_femur.tibia_MCF7_15.1C,PLEKHN1
E2_femur.tibia_MCF7_15.1C,CEMP1
E2_femur.tibia_MCF7_15.1C,MT-TS2
E2_femur.tibia_MCF7_15.1C,VWA2
E2_femur.tibia_MCF7_15.1C,YIPF1
E2_femur.tibia_MCF7_15.1C,MT-TH
E2_femur.tibia_MCF7_15.1C,KLHL29
E2_femur.tibia_MCF7_15.1C,KCNC2
E2_femur.tibia_MCF7_15.1C,RGL3
E2_femur.tibia_MCF7_15.1C,TSIX
E2_femur.tibia_MCF7_15.1C,SIAE
E2_femur.tibia_MCF7_15.1C,RNU1-3
E2_femur.tibia_MCF7_15.1C,RNU1-4
E2_tibia_MCF7_5.1,MRPL22
E2_tibia_MCF7_5.1,PINK1
E2_tibia_MCF7_5.1,COA3
E2_tibia_MCF7_5.1,ACSL1
E2_tibia_MCF7_5.1,MTIF2
E2_tibia_MCF7_5.1,MARS2
E2_tibia_MCF7_5.1,PDK4
E2_tibia_MCF7_5.1,ALKBH1
E2_tibia_MCF7_5.1,CLN8
E2_tibia_MCF7_5.1,GLUD2
E2_tibia_MCF7_5.1,IMMP1L
E2_tibia_MCF7_5.1,TMEM126A
E2_tibia_MCF7_5.1,SDHD
E2_tibia_MCF7_5.1,ABCB10
E2_tibia_MCF7_5.1,SLC25A16
E2_tibia_MCF7_5.1,SLC8B1
E2_tibia_MCF7_5.1,UCP3
E2_tibia_MCF7_5.1,SLC25A53
E2_tibia_MCF7_5.1,ATP5MPL
E2_tibia_MCF7_5.1,ATP23
E2_tibia_MCF7_5.1,HK2
E2_tibia_MCF7_5.1,TOMM34
E2_tibia_MCF7_5.1,CFAP410
E2_tibia_MCF7_5.1,ECHDC2
E2_tibia_MCF7_5.1,KYAT3
E2_tibia_MCF7_5.1,LIAS
E2_tibia_MCF7_5.1,TRUB1
E2_tibia_MCF7_5.1,CPEB4
E2_tibia_MCF7_5.1,CNDP2
E2_tibia_MCF7_5.1,ASAH1
E2_tibia_MCF7_5.1,ZCCHC4
E2_tibia_MCF7_5.1,DRG2
E2_tibia_MCF7_5.1,DNAJC24
E2_tibia_MCF7_5.1,ZFP36
E2_tibia_MCF7_5.1,KLHL25
E2_tibia_MCF7_5.1,ZC3H12A
E2_tibia_MCF7_5.1,ADAL
E2_tibia_MCF7_5.1,NMRK1
E2_tibia_MCF7_5.1,CTPS2
E2_tibia_MCF7_5.1,MOCS3
E2_tibia_MCF7_5.1,CHST12
E2_tibia_MCF7_5.1,TMEM115
E2_tibia_MCF7_5.1,CD74
E2_tibia_MCF7_5.1,GOLGA7B
E2_tibia_MCF7_5.1,CENPA
E2_tibia_MCF7_5.1,RPS6KA5
E2_tibia_MCF7_5.1,RAD51B
E2_tibia_MCF7_5.1,KALRN
E2_tibia_MCF7_5.1,HAUS2
E2_tibia_MCF7_5.1,CYLD
E2_tibia_MCF7_5.1,CENPP
E2_tibia_MCF7_5.1,BROX
E2_tibia_MCF7_5.1,SNAI3-AS1
E2_tibia_MCF7_5.1,WDR53
E2_tibia_MCF7_5.1,LIN54
E2_tibia_MCF7_5.1,PPFIBP1
E2_tibia_MCF7_5.1,CACNB2
E2_tibia_MCF7_5.1,PLPBP
E2_tibia_MCF7_5.1,APOL2
E2_tibia_MCF7_5.1,ITGA7
E2_tibia_MCF7_5.1,DCTN6
E2_tibia_MCF7_5.1,EFCAB6
E2_tibia_MCF7_5.1,LINC01089
E2_tibia_MCF7_5.1,TMEM67
E2_tibia_MCF7_5.1,KBTBD3
E2_tibia_MCF7_5.1,NFASC
E2_tibia_MCF7_5.1,SNED1
E2_tibia_MCF7_5.1,CA8
E2_tibia_MCF7_5.1,ZC3H12B
E2_tibia_MCF7_5.1,TNFRSF19
E2_tibia_MCF7_5.1,LEPROT
E2_tibia_MCF7_5.1,MXRA8
E2_tibia_MCF7_5.1,FPGT
E2_tibia_MCF7_5.1,AKR1C3
E2_tibia_MCF7_5.1,CASP6
E2_tibia_MCF7_5.1,MTMR3
E2_tibia_MCF7_5.1,PTPN18
E2_tibia_MCF7_5.1,GTDC1
E2_tibia_MCF7_5.1,ADCK1
E2_tibia_MCF7_5.1,PEX6
E2_tibia_MCF7_5.1,NAIP
E2_tibia_MCF7_5.1,BRSK2
E2_tibia_MCF7_5.1,RSKR
E2_tibia_MCF7_5.1,ERCC6L
E2_tibia_MCF7_5.1,ABCA10
E2_tibia_MCF7_5.1,GTF2H3
E2_tibia_MCF7_5.1,RNF213-AS1
E2_tibia_MCF7_5.1,TTC30A
E2_tibia_MCF7_5.1,EEF1AKMT3
E2_tibia_MCF7_5.1,GPKOW
E2_tibia_MCF7_5.1,PLEKHA8P1
E2_tibia_MCF7_5.1,EMC7
E2_tibia_MCF7_5.1,GPRC5D-AS1
E2_tibia_MCF7_5.1,FBLN1
E2_tibia_MCF7_5.1,ZNF682
E2_tibia_MCF7_5.1,FAM161B
E2_tibia_MCF7_5.1,WASF3
E2_tibia_MCF7_5.1,AKAP17A
E2_tibia_MCF7_5.1,OXLD1
E2_tibia_MCF7_5.1,UBOX5
E2_tibia_MCF7_5.1,C9orf16
E2_tibia_MCF7_5.1,TMEM68
E2_tibia_MCF7_5.1,ABCA17P
E2_tibia_MCF7_5.1,PKIA
E2_tibia_MCF7_5.1,GATA6
E2_tibia_MCF7_5.1,KIN
E2_tibia_MCF7_5.1,LINC01184
E2_tibia_MCF7_5.1,ERICH6-AS1
E2_tibia_MCF7_5.1,VAX2
E2_tibia_MCF7_5.1,PRKRA
E2_tibia_MCF7_5.1,HYAL2
E2_tibia_MCF7_5.1,TRIM11
E2_tibia_MCF7_5.1,INAVA
E2_tibia_MCF7_5.1,MAK16
E2_tibia_MCF7_5.1,HSPBAP1
E2_tibia_MCF7_5.1,ZRSR2
E2_tibia_MCF7_5.1,COL7A1
E2_tibia_MCF7_5.1,HOXB5
E2_tibia_MCF7_5.1,AVEN
E2_tibia_MCF7_5.1,NCBP3
E2_tibia_MCF7_5.1,CFLAR-AS1
E2_tibia_MCF7_5.1,TBL2
E2_tibia_MCF7_5.1,PCDHB11
E2_tibia_MCF7_5.1,COLCA1
E2_tibia_MCF7_5.1,APH1B
E2_tibia_MCF7_5.1,SYT17
E2_tibia_MCF7_5.1,SIRPA
E2_tibia_MCF7_5.1,YPEL2
E2_tibia_MCF7_5.1,CD5
E2_tibia_MCF7_5.1,PRG4
E2_tibia_MCF7_5.1,SNCAIP
E2_tibia_MCF7_5.1,MAP6
E2_tibia_MCF7_5.1,EXOSC3
E2_tibia_MCF7_5.1,INIP
E2_tibia_MCF7_5.1,FEM1C
E2_tibia_MCF7_5.1,ZNF418
E2_tibia_MCF7_5.1,USP53
E2_tibia_MCF7_5.1,NMU
E2_tibia_MCF7_5.1,PLCD1
E2_tibia_MCF7_5.1,HNRNPA1L2
E2_tibia_MCF7_5.1,NBR2
E2_tibia_MCF7_5.1,FCHO2
E2_tibia_MCF7_5.1,MSANTD3-TMEFF1
E2_tibia_MCF7_5.1,SLCO2A1
E2_tibia_MCF7_5.1,RIPPLY3
E2_tibia_MCF7_5.1,CAPN8
E2_tibia_MCF7_5.1,INE1
E2_tibia_MCF7_5.1,SLC24A3
E2_tibia_MCF7_5.1,CRYZL2P
E2_tibia_MCF7_5.1,FER1L4
E2_tibia_MCF7_5.1,ABRAXAS1
E2_tibia_MCF7_5.1,CEACAM5
E2_tibia_MCF7_5.1,GCSAM
E2_tibia_MCF7_5.1,MARCHF1
E2_tibia_MCF7_5.1,C18orf65
E2_tibia_MCF7_5.1,PABPN1L
E2_tibia_MCF7_5.1,CACNA2D4
E2_tibia_MCF7_5.1,PAXBP1-AS1
E2_tibia_MCF7_5.1,ALS2CL
E2_tibia_MCF7_5.1,SAMD15
E2_tibia_MCF7_5.1,FAM183A
E2_tibia_MCF7_5.1,ZNF716
E2_tibia_MCF7_5.1,UGDH-AS1
E2_tibia_MCF7_5.1,WDR97
E2_tibia_MCF7_5.1,AGAP5
E2_tibia_MCF7_5.1,AC107982.1
E2_tibia_MCF7_5.1,MIR612
E2_tibia_MCF7_5.1,THOC7-AS1
E2_tibia_MCF7_5.1,MIR4429
E2_tibia_MCF7_5.1,MIR1279
E2_tibia_MCF7_2.11,CEACAM6
E2_tibia_MCF7_2.11,CEACAM5
E2_tibia_MCF7_2.11,S100P
E2_tibia_MCF7_2.11,MALL
E2_tibia_MCF7_2.11,CAPN5
E2_tibia_MCF7_2.11,VIPR1
E2_tibia_MCF7_2.11,TTC9
E2_tibia_MCF7_2.11,PCDH1
E2_tibia_MCF7_2.11,STS
E2_tibia_MCF7_2.11,GALNT5
E2_tibia_MCF7_2.11,FAM83A
E2_tibia_MCF7_2.11,STEAP4
E2_tibia_MCF7_2.11,MUC5AC
E2_tibia_MCF7_2.11,AKR1C3
E2_tibia_MCF7_2.11,PLA2G10
E2_tibia_MCF7_2.11,PGAP3
E2_tibia_MCF7_2.11,TMEM8B
E2_tibia_MCF7_2.11,IQUB
E2_tibia_MCF7_2.11,RORC
E2_tibia_MCF7_2.11,PDZD2
E2_tibia_MCF7_2.11,GGT7
E2_tibia_MCF7_2.11,ARMC3
E2_tibia_MCF7_2.11,C9orf152
E2_tibia_MCF7_2.11,LIPH
E2_tibia_MCF7_2.11,SDR16C5
E2_tibia_MCF7_2.11,MUCL1
E2_tibia_MCF7_2.11,TENT5B
E2_tibia_MCF7_2.11,DRC3
E2_tibia_MCF7_2.11,PHF7
E2_tibia_MCF7_2.11,EFCAB6
E2_tibia_MCF7_2.11,RSPH1
E2_tibia_MCF7_2.11,CDC20B
E2_tibia_MCF7_2.11,CFAP46
E2_tibia_MCF7_2.11,FRAT1
E2_tibia_MCF7_2.11,SLC26A2
E2_tibia_MCF7_2.11,KLK13
E2_tibia_MCF7_2.11,ASAP3
E2_tibia_MCF7_2.11,KLK11
E2_tibia_MCF7_2.11,MYORG
E2_tibia_MCF7_2.11,METTL27
E2_tibia_MCF7_2.11,SPAG17
E2_tibia_MCF7_2.11,SLC12A2
E2_tibia_MCF7_2.11,GRAMD2B
E2_tibia_MCF7_2.11,NIBAN1
E2_tibia_MCF7_2.11,CREB3L2
E2_tibia_MCF7_2.11,FADS2
E2_tibia_MCF7_2.11,THEM6
E2_tibia_MCF7_2.11,MSX2
E2_tibia_MCF7_2.11,GOLM1
E2_tibia_MCF7_2.11,FRY
E2_tibia_MCF7_2.11,NR2F1
E2_tibia_MCF7_2.11,CLGN
E2_tibia_MCF7_2.11,DOCK11
E2_tibia_MCF7_2.11,FAM114A1
E2_tibia_MCF7_2.11,ADD3
E2_tibia_MCF7_2.11,SLC2A12
E2_tibia_MCF7_2.11,PLIN5
E2_tibia_MCF7_2.11,ACAD8
E2_tibia_MCF7_2.11,CREB3L1
E2_tibia_MCF7_2.11,AZGP1
E2_tibia_MCF7_2.11,KCNAB1
E2_tibia_MCF7_2.11,ZCCHC24
E2_tibia_MCF7_2.11,PNPLA4
E2_tibia_MCF7_2.11,SLC2A8
E2_tibia_MCF7_2.11,AKR7A3
E2_tibia_MCF7_2.11,EDA
E2_tibia_MCF7_2.11,RCOR2
E2_tibia_MCF7_2.11,COL11A2
E2_tibia_MCF7_2.11,FKBP14
E2_tibia_MCF7_2.11,SLC25A12
E2_tibia_MCF7_2.11,PDZD7
E2_tibia_MCF7_2.11,CCDC71
E2_tibia_MCF7_2.11,MTURN
E2_tibia_MCF7_2.11,SYNJ1
E2_tibia_MCF7_2.11,CALML5
E2_tibia_MCF7_2.11,CINP
E2_tibia_MCF7_2.11,ID1
E2_tibia_MCF7_2.11,SIAE
E2_tibia_MCF7_2.11,NEB
E2_tibia_MCF7_2.11,GPM6B
E2_tibia_MCF7_2.11,ABHD14A
E2_tibia_MCF7_2.11,PARP8
E2_tibia_MCF7_2.11,SMIM19
E2_tibia_MCF7_2.11,ST3GAL5
E2_tibia_MCF7_2.11,ACPP
E2_tibia_MCF7_2.11,SLC26A6
E2_tibia_MCF7_2.11,MED30
E2_tibia_MCF7_2.11,OSGIN1
E2_tibia_MCF7_2.11,ABHD4
E2_tibia_MCF7_2.11,THEM5
E2_tibia_MCF7_2.11,AC008870.1
E2_tibia_MCF7_2.11,MYH3
E2_tibia_MCF7_2.11,PTRHD1
E2_tibia_MCF7_2.11,ELAC1
E2_tibia_MCF7_2.11,PTPN7
E2_tibia_MCF7_2.11,ID4
E2_tibia_MCF7_2.11,STOX1
E2_tibia_MCF7_2.11,NAP1L2
E2_tibia_MCF7_2.11,TMEM60
E2_tibia_MCF7_2.11,DNAJB4
E2_tibia_MCF7_2.11,HSD17B13
E2_tibia_MCF7_2.11,SH3BGR
E2_tibia_MCF7_2.11,KLC4
E2_tibia_MCF7_2.11,NUP62CL
E2_tibia_MCF7_2.11,ZBTB3
E2_tibia_MCF7_2.11,H2AW
E2_tibia_MCF7_2.11,DDIAS
E2_tibia_MCF7_2.11,MAB21L1
E2_tibia_MCF7_2.11,DLX4
E2_tibia_MCF7_2.11,TAF6L
E2_tibia_MCF7_2.11,LRRC20
E2_tibia_MCF7_2.11,COLQ
E2_tibia_MCF7_2.11,HYLS1
E2_tibia_MCF7_2.11,CRY1
E2_tibia_MCF7_2.11,C12orf4
E2_tibia_MCF7_2.11,SEMA3A
E2_tibia_MCF7_2.11,DOCK3
E2_tibia_MCF7_2.11,PDZD9
E2_tibia_MCF7_2.11,NLRP9
E2_tibia_MCF7_2.11,TSPO
E2_tibia_MCF7_2.11,ZBTB11-AS1
E2_tibia_MCF7_2.11,TMEM216
E2_tibia_MCF7_2.11,RHOBTB1
E2_tibia_MCF7_2.11,ZNF701
E2_tibia_MCF7_2.11,ZNF493
E2_tibia_MCF7_2.11,ZNF555
E2_tibia_MCF7_2.11,CCDC137
E2_tibia_MCF7_2.11,ZNF724
E2_tibia_MCF7_2.11,TMEM70
E2_tibia_MCF7_2.11,ESCO2
E2_tibia_MCF7_2.11,LMCD1-AS1
E2_tibia_MCF7_2.11,SLC14A1
E2_tibia_MCF7_2.11,MAP10
E2_tibia_MCF7_2.11,NR4A1
E2_tibia_MCF7_2.11,BTN1A1
E2_tibia_MCF7_2.11,STOX2
E2_tibia_MCF7_2.11,ZNF441
E2_tibia_MCF7_2.11,LINC00665
E2_tibia_MCF7_2.11,C6orf136
E2_tibia_MCF7_2.11,C9orf40
E2_tibia_MCF7_2.11,DRICH1
E2_tibia_MCF7_2.11,PIK3C2G
E2_tibia_MCF7_2.11,PIP5KL1
E2_tibia_MCF7_2.11,GPR173
E2_tibia_MCF7_2.11,GGN
E2_tibia_MCF7_2.11,SUPV3L1
E2_tibia_MCF7_2.11,TIMM10
E2_tibia_MCF7_2.11,CLYBL
E2_tibia_MCF7_2.11,ZNF891
E2_tibia_MCF7_2.11,FRG1JP
E2_tibia_MCF7_2.11,TTC28
E2_tibia_MCF7_2.11,FOXC1
E2_tibia_MCF7_2.11,CHCHD5
E2_tibia_MCF7_2.11,LINC00662
E2_tibia_MCF7_2.11,MAML2
E2_tibia_MCF7_2.11,PCP2
E2_tibia_MCF7_2.11,LRFN1
E2_tibia_MCF7_2.11,LPP-AS2
E2_tibia_MCF7_2.11,ARHGEF3
E2_tibia_MCF7_2.11,SALL4
E2_tibia_MCF7_2.11,ACKR2
E2_tibia_MCF7_2.11,SRRM5
E2_tibia_MCF7_2.11,NXN
E2_tibia_MCF7_2.11,ZNF792
E2_tibia_MCF7_2.11,PEPD
E2_tibia_MCF7_2.11,POLR3B
E2_tibia_MCF7_2.11,ANKRD31
E2_tibia_MCF7_2.11,PLEKHG7
E2_tibia_MCF7_2.11,EEF1AKMT1
E2_tibia_MCF7_2.11,ERVMER34-1
E2_tibia_MCF7_2.11,TIGD7
E2_tibia_MCF7_2.11,SETD9
E2_tibia_MCF7_2.11,TOMM20L
E2_tibia_MCF7_2.11,NOC4L
E2_tibia_MCF7_2.11,PLEKHA8P1
E2_tibia_MCF7_2.11,CKMT1A
E2_tibia_MCF7_2.11,TLCD1
E2_tibia_MCF7_2.11,CTBS
E2_tibia_MCF7_2.11,ZNF559
E2_tibia_MCF7_2.11,SSC4D
E2_tibia_MCF7_2.11,IPO13
E2_tibia_MCF7_2.11,CKMT2-AS1
E2_tibia_MCF7_2.11,NPIPB15
E2_tibia_MCF7_2.11,GH1
E2_tibia_MCF7_2.11,IL17RE
E2_tibia_MCF7_2.11,TMCO4
E2_tibia_MCF7_2.11,EDARADD
E2_tibia_MCF7_2.11,MCIDAS
E2_tibia_MCF7_2.11,LURAP1L-AS1
E2_tibia_MCF7_2.11,ITIH2
E2_tibia_MCF7_2.11,TCF24
E2_tibia_MCF7_2.11,FAM155A
E2_tibia_MCF7_2.11,ZBED8
E2_tibia_MCF7_2.11,FAM155B
E2_tibia_MCF7_2.11,DGCR6L
E2_tibia_MCF7_2.11,HSP90AB4P
E2_tibia_MCF7_2.11,PATE3
E2_tibia_MCF7_2.11,ZNF529-AS1
E2_tibia_MCF7_2.11,ERVFRD-1
E2_tibia_MCF7_2.11,C1orf220
E2_tibia_MCF7_2.11,PRR26
E2_tibia_MCF7_2.11,OR8B12
E2_tibia_MCF7_2.11,TSC22D1-AS1
E2_tibia_MCF7_2.11,TBC1D3E
E2_tibia_MCF7_2.11,MIR573
E2_tibia_MCF7_2.11,GSTCD-AS1
E2_adrenal_MCF7_22,PTPRN2
E2_adrenal_MCF7_22,TMC5
E2_adrenal_MCF7_22,PTPRT
E2_adrenal_MCF7_22,SLC26A2
E2_adrenal_MCF7_22,KCNJ15
E2_adrenal_MCF7_22,CDC14A
E2_adrenal_MCF7_22,HYDIN
E2_adrenal_MCF7_22,PKHD1L1
E2_adrenal_MCF7_22,CFAP65
E2_adrenal_MCF7_22,CCDC181
E2_adrenal_MCF7_22,KALRN
E2_adrenal_MCF7_22,KLK13
E2_adrenal_MCF7_22,LRRC6
E2_adrenal_MCF7_22,DNAH11
E2_adrenal_MCF7_22,DNAH2
E2_adrenal_MCF7_22,DNAH12
E2_adrenal_MCF7_22,TP53INP2
E2_adrenal_MCF7_22,KLK12
E2_adrenal_MCF7_22,SRPX2
E2_adrenal_MCF7_22,VWA3A
E2_adrenal_MCF7_22,RORC
E2_adrenal_MCF7_22,KCND3
E2_adrenal_MCF7_22,EPHA3
E2_adrenal_MCF7_22,SV2B
E2_adrenal_MCF7_22,GRIK3
E2_adrenal_MCF7_22,KCNAB2
E2_adrenal_MCF7_22,GRIK5
E2_adrenal_MCF7_22,SV2A
E2_adrenal_MCF7_22,PCDH15
E2_adrenal_MCF7_22,HRH2
E2_adrenal_MCF7_22,SLC28A1
E2_adrenal_MCF7_22,NTNG1
E2_adrenal_MCF7_22,PTPRB
E2_adrenal_MCF7_22,ITGAL
E2_adrenal_MCF7_22,ITGA10
E2_adrenal_MCF7_22,MUC12
E2_adrenal_MCF7_22,BRINP2
E2_adrenal_MCF7_22,DPYSL5
E2_adrenal_MCF7_22,LAMA2
E2_adrenal_MCF7_22,PPARGC1A
E2_adrenal_MCF7_22,RPGRIP1
E2_adrenal_MCF7_22,AC020929.1
E2_adrenal_MCF7_22,TAT
E2_adrenal_MCF7_22,GP2
E2_adrenal_MCF7_22,PEX5L
E2_adrenal_MCF7_22,PAX6
E2_adrenal_MCF7_22,DPF3
E2_adrenal_MCF7_22,AMPD1
E2_adrenal_MCF7_22,FAXC
E2_adrenal_MCF7_22,SH3TC2
E2_adrenal_MCF7_22,ZAN
E2_adrenal_MCF7_22,GPR139
E2_adrenal_MCF7_22,CNTD2
E2_adrenal_MCF7_22,UGT2B15
E2_adrenal_MCF7_22,ESRRG
E2_adrenal_MCF7_22,SERPINA5
E2_adrenal_MCF7_22,RYR3
E2_adrenal_MCF7_22,ANXA6
E2_adrenal_MCF7_22,PKD1L2
E2_adrenal_MCF7_22,ABCA9
E2_adrenal_MCF7_22,ADD3
E2_adrenal_MCF7_22,AMPH
E2_adrenal_MCF7_22,NRG2
E2_adrenal_MCF7_22,GCNT2
E2_adrenal_MCF7_22,PAG1
E2_adrenal_MCF7_22,ZFPM2
E2_adrenal_MCF7_22,ADAMTS9
E2_adrenal_MCF7_22,GLIS3
E2_adrenal_MCF7_22,CPNE4
E2_adrenal_MCF7_22,SOGA3
E2_adrenal_MCF7_22,DNAJC18
E2_adrenal_MCF7_22,PECAM1
E2_adrenal_MCF7_22,FSTL4
E2_adrenal_MCF7_22,PDK4
E2_adrenal_MCF7_22,VXN
E2_adrenal_MCF7_22,SUSD2
E2_adrenal_MCF7_22,NDUFAF1
E2_adrenal_MCF7_22,PRICKLE2-AS3
E2_adrenal_MCF7_22,ELOVL2-AS1
E2_adrenal_MCF7_22,MUC3A
E2_adrenal_MCF7_22,TBX4
E2_adrenal_MCF7_22,MYLK4
E2_adrenal_MCF7_22,WDFY4
E2_adrenal_MCF7_22,OTOGL
E2_adrenal_MCF7_22,RIPOR3
E2_adrenal_MCF7_22,KCND3-AS1
E2_adrenal_MCF7_22,LINC00504
E2_adrenal_MCF7_22,ITPRID1
E2_adrenal_MCF7_22,C9orf43
E2_adrenal_MCF7_22,HYDIN2
ED_brain_ZR751_11.11,LINC02584
ED_brain_ZR751_11.11,MIR3615
ED_brain_ZR751_11.11,MIR3934
ED_brain_ZR751_11.11,APTR
ED_brain_ZR751_11.11,TMEM161B-AS1
ED_brain_ZR751_11.11,MELTF-AS1
ED_brain_ZR751_11.11,TM4SF19-TCTEX1D2
ED_brain_ZR751_11.11,MIR4755
ED_brain_ZR751_11.11,THOC7-AS1
ED_brain_ZR751_11.11,BRWD1-AS1
ED_brain_ZR751_11.11,ACTR1B
ED_brain_ZR751_11.11,CHROMR
ED_brain_ZR751_11.11,LINC01359
ED_brain_ZR751_11.11,TMEM108-AS1
ED_brain_ZR751_11.11,SMAD1-AS2
ED_brain_ZR751_11.11,EMSLR
ED_brain_ZR751_11.11,DPY19L2P3
ED_brain_ZR751_11.11,LYPLAL1-AS1
ED_brain_ZR751_11.11,KLHL41
ED_brain_ZR751_11.11,SGMS1-AS1
ED_brain_ZR751_11.11,C1D
ED_brain_ZR751_11.11,TAB1
ED_brain_ZR751_11.11,CLUH
ED_brain_ZR751_11.11,CHRM3
ED_brain_ZR751_11.11,IQGAP2
ED_brain_ZR751_11.11,CLP1
ED_brain_ZR751_11.11,LDB3
ED_brain_ZR751_11.11,PTENP1
ED_brain_ZR751_11.11,PXMP4
ED_brain_ZR751_11.11,TXNRD3
ED_brain_ZR751_11.11,CYGB
ED_brain_ZR751_11.11,ZNF501
ED_brain_ZR751_11.11,PSTK
ED_brain_ZR751_11.11,DEPDC4
ED_brain_ZR751_11.11,METTL21EP
ED_brain_ZR751_11.11,TARS3
ED_brain_ZR751_11.11,TMEM150A
ED_brain_ZR751_11.11,CCDC173
ED_brain_ZR751_11.11,PPM1M
ED_brain_ZR751_11.11,ZNF786
ED_brain_ZR751_11.11,RNF183
ED_brain_ZR751_11.11,CSTF3
ED_brain_ZR751_11.11,ATP8B3
ED_brain_ZR751_11.11,LINC00471
ED_brain_ZR751_11.11,RHBDL3
ED_brain_ZR751_11.11,SYNE4
ED_brain_ZR751_11.11,DCX
ED_brain_ZR751_11.11,DSTNP2
ED_brain_ZR751_11.11,EGF
ED_brain_ZR751_11.11,THAP8
ED_brain_ZR751_11.11,RPL22L1
ED_brain_ZR751_11.11,SLC29A1
ED_brain_ZR751_11.11,EPOR
ED_brain_ZR751_11.11,ESR1
ED_brain_ZR751_11.11,EXTL2
ED_brain_ZR751_11.11,CFAP53
ED_brain_ZR751_11.11,FHL2
ED_brain_ZR751_11.11,SDF2L1
ED_brain_ZR751_11.11,SYCE2
ED_brain_ZR751_11.11,GABRR2
ED_brain_ZR751_11.11,GCHFR
ED_brain_ZR751_11.11,NPHP3
ED_brain_ZR751_11.11,GJB1
ED_brain_ZR751_11.11,IGSF9B
ED_brain_ZR751_11.11,C1orf167
ED_brain_ZR751_11.11,SNHG15
ED_brain_ZR751_11.11,MICU3
ED_brain_ZR751_11.11,MNX1
ED_brain_ZR751_11.11,HLX
ED_brain_ZR751_11.11,HOXC5
ED_brain_ZR751_11.11,SNORD108
ED_brain_ZR751_11.11,WHAMMP3
ED_brain_ZR751_11.11,LINC02433
ED_brain_ZR751_11.11,IL1RAP
ED_brain_ZR751_11.11,FKBP9P1
ED_brain_ZR751_11.11,CCDC178
ED_brain_ZR751_11.11,C1QTNF9B
ED_brain_ZR751_11.11,ZNF888
ED_brain_ZR751_11.11,DICER1-AS1
ED_brain_ZR751_11.11,LYZ
ED_brain_ZR751_11.11,MIR215
ED_brain_ZR751_11.11,MB
ED_brain_ZR751_11.11,ZNF716
ED_brain_ZR751_11.11,TYW1B
ED_brain_ZR751_11.11,MUC1
ED_brain_ZR751_11.11,NME3
ED_brain_ZR751_11.11,BDNF-AS
ED_brain_ZR751_11.11,SERPINB2
ED_brain_ZR751_11.11,PAM
ED_brain_ZR751_11.11,MRNIP
ED_brain_ZR751_11.11,AADAT
ED_brain_ZR751_11.11,TUBE1
ED_brain_ZR751_11.11,ZNF571
ED_brain_ZR751_11.11,ZNF771
ED_brain_ZR751_11.11,SCARA3
ED_brain_ZR751_11.11,CNNM2
ED_brain_ZR751_11.11,COMMD8
ED_brain_ZR751_11.11,EBLN2
ED_brain_ZR751_11.11,MAP2K3
ED_brain_ZR751_11.11,TEX15
ED_brain_ZR751_11.11,TWNK
ED_brain_ZR751_11.11,LYRM4
ED_brain_ZR751_11.11,PELI2
ED_brain_ZR751_11.11,TENM2
ED_brain_ZR751_11.11,NYNRIN
ED_brain_ZR751_11.11,RORC
ED_brain_ZR751_11.11,MMP25
ED_brain_ZR751_11.11,SDHAF1
ED_brain_ZR751_11.11,SGK1
ED_brain_ZR751_11.11,SHMT2
ED_brain_ZR751_11.11,SLC1A2
ED_brain_ZR751_11.11,COA7
ED_brain_ZR751_11.11,SNORD1B
ED_brain_ZR751_11.11,TAGLN
ED_brain_ZR751_11.11,TBX6
ED_brain_ZR751_11.11,ZNF215
ED_brain_ZR751_11.11,ZNF112
ED_brain_ZR751_11.11,MSANTD2
ED_brain_ZR751_11.11,PIF1
ED_brain_ZR751_11.11,APOLD1
ED_brain_ZR751_11.11,CAMK2B
ED_brain_ZR751_11.11,HVCN1
ED_brain_ZR751_11.11,SYVN1
ED_brain_ZR751_11.11,LOXL3
ED_brain_ZR751_11.11,ST3GAL5
ED_brain_ZR751_11.11,HAP1
ED_brain_ZR751_11.11,GADD45GIP1
ED_brain_ZR751_11.11,PAPSS2
ED_brain_ZR751_11.11,SPOCD1
ED_brain_ZR751_11.11,SCARF2
ED_brain_ZR751_11.11,PDLIM1
ED_brain_ZR751_11.11,ST7-AS1
ED_brain_ZR751_11.11,ZNF516
E2_brain_MCF7_E,CEACAM6
E2_brain_MCF7_E,MAOA
E2_brain_MCF7_E,TFPI2
E2_brain_MCF7_E,FMO5
E2_brain_MCF7_E,KMO
E2_brain_MCF7_E,ATP2A3
E2_brain_MCF7_E,ADRA2A
E2_brain_MCF7_E,LRRC6
E2_brain_MCF7_E,SERPINA5
E2_brain_MCF7_E,CPE
E2_brain_MCF7_E,DHRS2
E2_brain_MCF7_E,ASCL1
E2_brain_MCF7_E,CD36
E2_brain_MCF7_E,PLAT
E2_brain_MCF7_E,APOD
E2_brain_MCF7_E,DUSP5
E2_brain_MCF7_E,UGT2B15
E2_brain_MCF7_E,CSTA
E2_brain_MCF7_E,NDRG1
E2_brain_MCF7_E,KLK10
E2_brain_MCF7_E,BDKRB2
E2_brain_MCF7_E,SERPINA3
E2_brain_MCF7_E,TIMP3
E2_brain_MCF7_E,S100A14
E2_brain_MCF7_E,KRT16
E2_brain_MCF7_E,PAK6
E2_brain_MCF7_E,MCTP2
E2_brain_MCF7_E,CXCR4
E2_brain_MCF7_E,ANGPTL4
E2_brain_MCF7_E,PARM1
E2_brain_MCF7_E,SLC26A2
E2_brain_MCF7_E,STEAP4
E2_brain_MCF7_E,CLIC6
E2_brain_MCF7_E,COL28A1
E2_brain_MCF7_E,VWA3A
E2_brain_MCF7_E,B3GALT5
E2_brain_MCF7_E,CD163L1
E2_brain_MCF7_E,H19
E2_brain_MCF7_E,BASP1
E2_brain_MCF7_E,CHP2
E2_brain_MCF7_E,NECTIN4
E2_brain_MCF7_E,RORC
E2_brain_MCF7_E,KDM7A-DT
E2_brain_MCF7_E,TRIM55
E2_brain_MCF7_E,COX6C
E2_brain_MCF7_E,GLRA3
E2_brain_MCF7_E,STC1
E2_brain_MCF7_E,SYT13
E2_brain_MCF7_E,SCNN1G
E2_brain_MCF7_E,SLC38A4
E2_brain_MCF7_E,ACE
E2_brain_MCF7_E,HTR2C
E2_brain_MCF7_E,CLIC2
E2_brain_MCF7_E,SLC5A12
E2_brain_MCF7_E,SLC15A5
E2_brain_MCF7_E,IGFBP3
E2_brain_MCF7_E,COL5A2
E2_brain_MCF7_E,INHA
E2_brain_MCF7_E,ADAMTS9
E2_brain_MCF7_E,ADAM2
E2_brain_MCF7_E,ADAMTS20
E2_brain_MCF7_E,MITF
E2_brain_MCF7_E,SGCG
E2_brain_MCF7_E,LRATD1
E2_brain_MCF7_E,CGNL1
E2_brain_MCF7_E,ITGA5
E2_brain_MCF7_E,PKHD1
E2_brain_MCF7_E,PHLDB2
E2_brain_MCF7_E,S1PR3
E2_brain_MCF7_E,SHC4
E2_brain_MCF7_E,GJB2
E2_brain_MCF7_E,RNF152
E2_brain_MCF7_E,IL6R
E2_brain_MCF7_E,POTEE
E2_brain_MCF7_E,POTEF
E2_brain_MCF7_E,GAB2
E2_brain_MCF7_E,BANK1
E2_brain_MCF7_E,WDR72
E2_brain_MCF7_E,MAP3K8
E2_brain_MCF7_E,MIR675
E2_brain_MCF7_E,PCDH19
E2_brain_MCF7_E,TSPAN2
E2_brain_MCF7_E,CASP14
E2_brain_MCF7_E,CECR2
E2_brain_MCF7_E,SUSD2
E2_brain_MCF7_E,CABP4
E2_brain_MCF7_E,ACADS
E2_brain_MCF7_E,FAR2P1
E2_brain_MCF7_E,LINC00645
E2_brain_MCF7_E,LINC00665
E2_brain_MCF7_E,ZNF442
E2_brain_MCF7_E,ZNF486
E2_adrenal_MCF7_12.1,RGS22
E2_adrenal_MCF7_12.1,AFF3
E2_adrenal_MCF7_12.1,GSTA1
E2_adrenal_MCF7_12.1,C9orf152
E2_adrenal_MCF7_12.1,ANKRD35
E2_adrenal_MCF7_12.1,SGK3
E2_adrenal_MCF7_12.1,SERPINA5
E2_adrenal_MCF7_12.1,CPE
E2_adrenal_MCF7_12.1,BATF
E2_adrenal_MCF7_12.1,EPHA3
E2_adrenal_MCF7_12.1,PKIB
E2_adrenal_MCF7_12.1,SERPINA3
E2_adrenal_MCF7_12.1,CSTA
E2_adrenal_MCF7_12.1,DIRAS2
E2_adrenal_MCF7_12.1,MITF
E2_adrenal_MCF7_12.1,SYBU
E2_adrenal_MCF7_12.1,ADRA2A
E2_adrenal_MCF7_12.1,MUC1
E2_adrenal_MCF7_12.1,SPDEF
E2_adrenal_MCF7_12.1,SYTL4
E2_adrenal_MCF7_12.1,SLC26A2
E2_adrenal_MCF7_12.1,KLK11
E2_adrenal_MCF7_12.1,KLK10
E2_adrenal_MCF7_12.1,TNFRSF19
E2_adrenal_MCF7_12.1,KLK12
E2_adrenal_MCF7_12.1,PKHD1L1
E2_adrenal_MCF7_12.1,CDC14A
E2_adrenal_MCF7_12.1,VWA3A
E2_adrenal_MCF7_12.1,RDH10
E2_adrenal_MCF7_12.1,CEP126
E2_adrenal_MCF7_12.1,UGT2B15
E2_adrenal_MCF7_12.1,PLAT
E2_adrenal_MCF7_12.1,CREB3L1
E2_adrenal_MCF7_12.1,CHN2
E2_adrenal_MCF7_12.1,MYO16
E2_adrenal_MCF7_12.1,VEPH1
E2_adrenal_MCF7_12.1,VXN
E2_adrenal_MCF7_12.1,ITIH2
E2_adrenal_MCF7_12.1,NR2E3
E2_adrenal_MCF7_12.1,UGT2B17
E2_adrenal_MCF7_12.1,AC020929.1
E2_adrenal_MCF7_12.1,ASPHD1
E2_adrenal_MCF7_12.1,GAB2
E2_adrenal_MCF7_12.1,ADAMTS9
E2_adrenal_MCF7_12.1,CALML5
E2_adrenal_MCF7_12.1,AMPH
E2_adrenal_MCF7_12.1,ARHGEF38
E2_adrenal_MCF7_12.1,SUSD2
E2_adrenal_MCF7_12.1,EPS8L3
E2_adrenal_MCF7_12.1,PARM1
E2_adrenal_MCF7_12.1,MAP3K8
E2_adrenal_MCF7_12.1,CNTD2
E2_adrenal_MCF7_12.1,CHST4
E2_adrenal_MCF7_12.1,FAM155A-IT1
E2_adrenal_MCF7_12.1,OR7E2P
E2_adrenal_MCF7_2,DRC1
E2_adrenal_MCF7_2,ARMC4
E2_adrenal_MCF7_2,SAXO2
E2_adrenal_MCF7_2,TEKT1
E2_adrenal_MCF7_2,ZBBX
E2_adrenal_MCF7_2,DNAH12
E2_adrenal_MCF7_2,CFAP45
E2_adrenal_MCF7_2,SNTN
E2_adrenal_MCF7_2,ARMC3
E2_adrenal_MCF7_2,CCDC173
E2_adrenal_MCF7_2,MAP3K19
E2_adrenal_MCF7_2,SPAG17
E2_adrenal_MCF7_2,HYDIN
E2_adrenal_MCF7_2,DNAH2
E2_adrenal_MCF7_2,PTPRN2
E2_adrenal_MCF7_2,S100P
E2_adrenal_MCF7_2,ABCA13
E2_adrenal_MCF7_2,TMC5
E2_adrenal_MCF7_2,GSTA1
E2_adrenal_MCF7_2,CDHR3
E2_adrenal_MCF7_2,CCDC40
E2_adrenal_MCF7_2,DNAJB13
E2_adrenal_MCF7_2,MAP6
E2_adrenal_MCF7_2,EFCAB12
E2_adrenal_MCF7_2,ADGB
E2_adrenal_MCF7_2,PKHD1L1
E2_adrenal_MCF7_2,KLK10
E2_adrenal_MCF7_2,KLK13
E2_adrenal_MCF7_2,SLC26A2
E2_adrenal_MCF7_2,CHP2
E2_adrenal_MCF7_2,SRPX2
E2_adrenal_MCF7_2,KCNB1
E2_adrenal_MCF7_2,MUCL1
E2_adrenal_MCF7_2,VWA3A
E2_adrenal_MCF7_2,C9orf152
E2_adrenal_MCF7_2,RORC
E2_adrenal_MCF7_2,B3GALT5
E2_adrenal_MCF7_2,IL5RA
E2_adrenal_MCF7_2,NEK10
E2_adrenal_MCF7_2,MUC12
E2_adrenal_MCF7_2,GSTM3
E2_adrenal_MCF7_2,PCDH15
E2_adrenal_MCF7_2,GPR37L1
E2_adrenal_MCF7_2,KIF21B
E2_adrenal_MCF7_2,PLAT
E2_adrenal_MCF7_2,SERPINA5
E2_adrenal_MCF7_2,OLFM4
E2_adrenal_MCF7_2,SERPINA3
E2_adrenal_MCF7_2,ATP8B4
E2_adrenal_MCF7_2,PECAM1
E2_adrenal_MCF7_2,PTPRB
E2_adrenal_MCF7_2,AMPH
E2_adrenal_MCF7_2,AZGP1
E2_adrenal_MCF7_2,UGT2B11
E2_adrenal_MCF7_2,KCNMA1
E2_adrenal_MCF7_2,DHRS2
E2_adrenal_MCF7_2,GP2
E2_adrenal_MCF7_2,CADPS
E2_adrenal_MCF7_2,FAR2
E2_adrenal_MCF7_2,UGT2B17
E2_adrenal_MCF7_2,ADAMTS9
E2_adrenal_MCF7_2,PRICKLE2-AS3
E2_adrenal_MCF7_2,LAMA2
E2_adrenal_MCF7_2,ANK2
E2_adrenal_MCF7_2,KCNH1
E2_adrenal_MCF7_2,PDZRN3
E2_adrenal_MCF7_2,GH1
E2_adrenal_MCF7_2,ARHGAP30
E2_adrenal_MCF7_2,AMPD1
E2_adrenal_MCF7_2,RASGRF1
E2_adrenal_MCF7_2,MYO16
E2_adrenal_MCF7_2,TBX4
E2_adrenal_MCF7_2,NACA2
E2_adrenal_MCF7_2,PEAK3
E2_adrenal_MCF7_2,PTPN7
E2_adrenal_MCF7_2,PTPRVP
E2_adrenal_MCF7_2,PKD1L2
E2_adrenal_MCF7_2,CNTD2
E2_adrenal_MCF7_2,ARHGEF38
E2_adrenal_MCF7_2,LRRIQ1
E2_adrenal_MCF7_2,DPF3
E2_adrenal_MCF7_2,DNAJC18
E2_adrenal_MCF7_2,FER1L6
E2_adrenal_MCF7_2,HSD3BP4
E2_adrenal_MCF7_2,LINC01814
E2_adrenal_MCF7_2,RERG-AS1
E2_kidney_MCF7_12,DNAH5
E2_kidney_MCF7_12,DRC1
E2_kidney_MCF7_12,DNAI1
E2_kidney_MCF7_12,DNAAF1
E2_kidney_MCF7_12,ZBBX
E2_kidney_MCF7_12,DNAH12
E2_kidney_MCF7_12,ENKUR
E2_kidney_MCF7_12,PIFO
E2_kidney_MCF7_12,CFAP45
E2_kidney_MCF7_12,SNTN
E2_kidney_MCF7_12,CCNO
E2_kidney_MCF7_12,TTC12
E2_kidney_MCF7_12,SPEF2
E2_kidney_MCF7_12,CASC1
E2_kidney_MCF7_12,FAM81B
E2_kidney_MCF7_12,MAATS1
E2_kidney_MCF7_12,CCDC40
E2_kidney_MCF7_12,LCA5L
E2_kidney_MCF7_12,CFAP157
E2_kidney_MCF7_12,CDC20B
E2_kidney_MCF7_12,CCDC30
E2_kidney_MCF7_12,PRR29
E2_kidney_MCF7_12,DENND6B
E2_kidney_MCF7_12,TMEM232
E2_kidney_MCF7_12,ADGB
E2_kidney_MCF7_12,LRRC23
E2_kidney_MCF7_12,PHF7
E2_kidney_MCF7_12,ARL6
E2_kidney_MCF7_12,NEK2
E2_kidney_MCF7_12,CFAP57
E2_kidney_MCF7_12,MYCL
E2_kidney_MCF7_12,MIR646HG
E2_kidney_MCF7_12,AIFM2
E2_kidney_MCF7_12,MELTF-AS1
E2_kidney_MCF7_12,SPAG17
E2_kidney_MCF7_12,DNAH2
E2_kidney_MCF7_12,IQCD
E2_kidney_MCF7_12,CYP4B1
E2_kidney_MCF7_12,LCN2
E2_kidney_MCF7_12,VILL
E2_kidney_MCF7_12,ADSS1
E2_kidney_MCF7_12,CDHR3
E2_kidney_MCF7_12,ODF3B
E2_kidney_MCF7_12,CFAP99
E2_kidney_MCF7_12,KIAA1614
E2_kidney_MCF7_12,ENTPD3
E2_kidney_MCF7_12,EFEMP2
E2_kidney_MCF7_12,TNS1
E2_kidney_MCF7_12,PRSS22
E2_kidney_MCF7_12,RORC
E2_kidney_MCF7_12,ALS2CL
E2_kidney_MCF7_12,ADHFE1
E2_kidney_MCF7_12,TTC22
E2_kidney_MCF7_12,TOR4A
E2_kidney_MCF7_12,PLPPR3
E2_kidney_MCF7_12,KLHDC8B
E2_kidney_MCF7_12,TEX9
E2_kidney_MCF7_12,CFAP54
E2_kidney_MCF7_12,FLACC1
E2_kidney_MCF7_12,PSEN2
E2_kidney_MCF7_12,CFAP77
E2_kidney_MCF7_12,BLOC1S4
E2_kidney_MCF7_12,MCIDAS
E2_kidney_MCF7_12,VAX2
E2_kidney_MCF7_12,CACNB4
E2_kidney_MCF7_12,MAST4-AS1
E2_kidney_MCF7_12,CKLF
E2_kidney_MCF7_12,GRIA2
E2_kidney_MCF7_12,GPC3
E2_kidney_MCF7_12,C9orf106
E2_kidney_MCF7_12,HIGD1B
E2_kidney_MCF7_12,SPARCL1
E2_kidney_MCF7_12,C4A
E2_kidney_MCF7_12,GCM2
E2_kidney_MCF7_12,B4GALNT1
E2_kidney_MCF7_12,DACH2
E2_kidney_MCF7_12,NPAS1
E2_kidney_MCF7_12,SGPP2
E2_kidney_MCF7_12,SHC4
E2_kidney_MCF7_12,PIP5K1B
E2_kidney_MCF7_12,CPM
E2_kidney_MCF7_12,GALNT16
E2_kidney_MCF7_12,ZBTB48
E2_kidney_MCF7_12,NAT14
E2_kidney_MCF7_12,BCAR3
E2_kidney_MCF7_12,AGTRAP
E2_kidney_MCF7_12,NLRC3
E2_kidney_MCF7_12,PLEKHG6
E2_kidney_MCF7_12,PATL2
E2_kidney_MCF7_12,FSTL4
E2_kidney_MCF7_12,DGKA
E2_kidney_MCF7_12,TMPRSS6
E2_kidney_MCF7_12,MIR6811
E2_kidney_MCF7_12,RASSF2
E2_kidney_MCF7_12,PTPN7
E2_kidney_MCF7_12,GRM2
E2_kidney_MCF7_12,ARL16
E2_kidney_MCF7_12,TMEM117
E2_kidney_MCF7_12,NPPC
E2_kidney_MCF7_12,SPIN2B
E2_kidney_MCF7_12,SPANXA1
E2_kidney_MCF7_12,SPANXA2
E2_kidney_MCF7_12,BTBD18
E2_kidney_MCF7_12,PLCD4
E2_kidney_MCF7_12,ITGA11
E2_kidney_MCF7_12,TNFAIP2
E2_kidney_MCF7_12,PPP1R26-AS1
E2_kidney_MCF7_12,SLC2A4
E2_kidney_MCF7_12,LRFN3
E2_kidney_MCF7_12,C1RL
E2_kidney_MCF7_12,PTPRVP
E2_kidney_MCF7_12,DAPK2
E2_kidney_MCF7_12,SMIM27
E2_kidney_MCF7_12,LINC00115
E2_kidney_MCF7_12,SLC25A35
E2_kidney_MCF7_12,MTFP1
E2_kidney_MCF7_12,SDHAF1
E2_kidney_MCF7_12,RGL3
E2_kidney_MCF7_12,CCDC24
E2_kidney_MCF7_12,LSMEM2
E2_kidney_MCF7_12,SPATA5L1
E2_kidney_MCF7_12,LINC01006
E2_kidney_MCF7_12,AC093249.6
E2_kidney_MCF7_12,TRIM17
E2_kidney_MCF7_12,KCP
E2_kidney_MCF7_12,LRRIQ1
E2_kidney_MCF7_12,RMST
E2_kidney_MCF7_12,LINC00954
E2_kidney_MCF7_12,RWDD2A
E2_kidney_MCF7_12,ZNF774
E2_kidney_MCF7_12,CROCC2
E2_kidney_MCF7_12,LINC01389
E2_kidney_MCF7_12,AC099489.1
E2_kidney_MCF7_12,SLCO4A1-AS1
E2_kidney_MCF7_12,THRB-AS1
E2_kidney_MCF7_12,KCNH7-AS1
E2_kidney_MCF7_12,LINC01239
E2_kidney_MCF7_12,NAALADL2-AS2
E2_kidney_MCF7_12,RPSAP9
E2_kidney_MCF7_12,HOXC13-AS
E2_kidney_MCF7_12,AL845331.2
E2_kidney_MCF7_12,LINC02147
ED_brain_ZR751_6,IL20RA
ED_brain_ZR751_6,POLD1
ED_brain_ZR751_6,H4C1
ED_brain_ZR751_6,POT1
ED_brain_ZR751_6,TELO2
ED_brain_ZR751_6,HUS1
ED_brain_ZR751_6,SCX
ED_brain_ZR751_6,NSMCE2
ED_brain_ZR751_6,PIP
ED_brain_ZR751_6,PKIB
ED_brain_ZR751_6,GATA2
ED_brain_ZR751_6,NCS1
ED_brain_ZR751_6,MUC6
ED_brain_ZR751_6,CLRN1
ED_brain_ZR751_6,SIX1
ED_brain_ZR751_6,STAG3
ED_brain_ZR751_6,RORC
ED_brain_ZR751_6,HOPX
ED_brain_ZR751_6,ZNF396
ED_brain_ZR751_6,BTC
ED_brain_ZR751_6,BLK
ED_brain_ZR751_6,WFS1
ED_brain_ZR751_6,NME5
ED_brain_ZR751_6,CASP9
ED_brain_ZR751_6,SLC46A3
ED_brain_ZR751_6,FAM182B
ED_brain_ZR751_6,CCNO
ED_brain_ZR751_6,ABCB1
ED_brain_ZR751_6,CCDC151
ED_brain_ZR751_6,VWA8-AS1
ED_brain_ZR751_6,FAM174A
ED_brain_ZR751_6,TIRAP
ED_brain_ZR751_6,TMEM40
ED_brain_ZR751_6,SYNE4
ED_brain_ZR751_6,GULP1
ED_brain_ZR751_6,WDR13
ED_brain_ZR751_6,DYNLRB2
ED_brain_ZR751_6,DCDC2B
ED_brain_ZR751_6,CCDC160
ED_brain_ZR751_6,CCDC74A
ED_brain_ZR751_6,DZIP1L
ED_brain_ZR751_6,TMEM8B
ED_brain_ZR751_6,H3C6
ED_brain_ZR751_6,ZFPM1
ED_brain_ZR751_6,NR1H3
ED_brain_ZR751_6,KLF4
ED_brain_ZR751_6,H2AC6
ED_brain_ZR751_6,SHOX
ED_brain_ZR751_6,HES6
ED_brain_ZR751_6,DMC1
ED_brain_ZR751_6,ETS2
ED_brain_ZR751_6,GSC
ED_brain_ZR751_6,IRX2
ED_brain_ZR751_6,DYNLT3
ED_brain_ZR751_6,CENPW
ED_brain_ZR751_6,CDT1
ED_brain_ZR751_6,CCDC22
ED_brain_ZR751_6,HRAS
ED_brain_ZR751_6,RABGGTA
ED_brain_ZR751_6,NAA80
ED_brain_ZR751_6,MPDU1
ED_brain_ZR751_6,STX4
ED_brain_ZR751_6,MPO
ED_brain_ZR751_6,GPLD1
ED_brain_ZR751_6,GPR183
ED_brain_ZR751_6,CLDN1
ED_brain_ZR751_6,ZNF423
ED_brain_ZR751_6,TSHR
ED_brain_ZR751_6,SLC12A4
ED_brain_ZR751_6,JPH3
ED_brain_ZR751_6,PARP16
ED_brain_ZR751_6,HDAC4
ED_brain_ZR751_6,FAS
ED_brain_ZR751_6,TPD52L1
ED_brain_ZR751_6,CTSZ
ED_brain_ZR751_6,MIR200C
ED_brain_ZR751_6,TNFRSF6B
ED_brain_ZR751_6,APIP
ED_brain_ZR751_6,RXFP2
ED_brain_ZR751_6,COL18A1
ED_brain_ZR751_6,DCAF4
ED_brain_ZR751_6,DUSP5
ED_brain_ZR751_6,RNF217
ED_brain_ZR751_6,TMEM69
ED_brain_ZR751_6,RNF32
ED_brain_ZR751_6,SUPT3H
ED_brain_ZR751_6,SNORD13
ED_brain_ZR751_6,PYCR2
ED_brain_ZR751_6,ABCC11
ED_brain_ZR751_6,NMD3
ED_brain_ZR751_6,SNHG5
ED_brain_ZR751_6,SSC4D
ED_brain_ZR751_6,TTC9C
ED_brain_ZR751_6,KIAA1549L
ED_brain_ZR751_6,KIDINS220
ED_brain_ZR751_6,TGM3
ED_brain_ZR751_6,WHAMMP3
ED_brain_ZR751_6,SNORD116-8
ED_brain_ZR751_6,SNORD116-3
ED_brain_ZR751_6,SNORD116-6
ED_brain_ZR751_6,SNORD116-9
ED_brain_ZR751_6,SNORD116-20
ED_brain_ZR751_6,SNORD116-15
ED_brain_ZR751_6,SNORD116-14
ED_brain_ZR751_6,TTLL7
ED_brain_ZR751_6,SLC6A9
ED_brain_ZR751_6,SLC7A5
ED_brain_ZR751_6,PDLIM3
ED_brain_ZR751_6,PODXL
ED_brain_ZR751_6,UBIAD1
ED_brain_ZR751_6,GASK1B
ED_brain_ZR751_6,LMBRD2
ED_brain_ZR751_6,BTN2A1
ED_brain_ZR751_6,GNPDA2
ED_brain_ZR751_6,HMGCS2
ED_brain_ZR751_6,APOD
ED_brain_ZR751_6,RND1
ED_brain_ZR751_6,METRN
ED_brain_ZR751_6,ZSCAN21
ED_brain_ZR751_6,TLDC2
ED_brain_ZR751_6,OSER1-DT
ED_brain_ZR751_6,POLN
ED_brain_ZR751_6,UFSP2
ED_brain_ZR751_6,COQ6
ED_brain_ZR751_6,IRAK1BP1
ED_brain_ZR751_6,KPNA7
ED_brain_ZR751_6,ABRAXAS1
ED_brain_ZR751_6,RCOR2
ED_brain_ZR751_6,ZNF182
ED_brain_ZR751_6,ZNF497
ED_brain_ZR751_6,FOXO3B
ED_brain_ZR751_6,PDE1B
ED_brain_ZR751_6,RANBP3L
ED_brain_ZR751_6,SLC16A10
ED_brain_ZR751_6,SHKBP1
ED_brain_ZR751_6,MAPKAPK5-AS1
ED_brain_ZR751_6,NOXRED1
ED_brain_ZR751_6,R3HCC1
ED_brain_ZR751_6,GID4
ED_brain_ZR751_6,NOL12
ED_brain_ZR751_6,FASTKD2
ED_brain_ZR751_6,IFNGR1
ED_brain_ZR751_6,FREM2
ED_brain_ZR751_6,CPA1
ED_brain_ZR751_6,MOGS
ED_brain_ZR751_6,GLB1L2
ED_brain_ZR751_6,HAS3
ED_brain_ZR751_6,GDPGP1
ED_brain_ZR751_6,PPP1R3D
ED_brain_ZR751_6,MOGAT2
ED_brain_ZR751_6,ELFN2
ED_brain_ZR751_6,FAM182A
ED_brain_ZR751_6,ELOA-AS1
ED_brain_ZR751_6,CFLAR-AS1
ED_brain_ZR751_6,DRAIC
ED_brain_ZR751_6,APOLD1
ED_brain_ZR751_6,PYY
ED_brain_ZR751_6,WDR18
ED_brain_ZR751_6,CYP4V2
ED_brain_ZR751_6,SAMD3
ED_brain_ZR751_6,SDHB
ED_brain_ZR751_6,CMSS1
ED_brain_ZR751_6,CEP57L1
ED_brain_ZR751_6,SNORD68
ED_brain_ZR751_6,GABRG3
ED_brain_ZR751_6,XKR9
ED_brain_ZR751_6,C10orf88
ED_brain_ZR751_6,TMEM161B
ED_brain_ZR751_6,GATD1
ED_brain_ZR751_6,FAM71C
ED_brain_ZR751_6,MYO1G
ED_brain_ZR751_6,ZEB1-AS1
ED_brain_ZR751_6,GTPBP8
ED_brain_ZR751_6,JAKMIP3
ED_brain_ZR751_6,C4orf36
ED_brain_ZR751_6,MIR491
ED_brain_ZR751_6,LINC01124
ED_brain_ZR751_6,LINC01138
ED_brain_ZR751_6,BMS1P17
ED_brain_ZR751_6,MIRLET7D
ED_brain_ZR751_6,PROB1
ED_brain_ZR751_6,SSMEM1
ED_brain_ZR751_6,RPL13AP17
ED_brain_ZR751_6,UNC13C
ED_brain_ZR751_6,SPINK8
ED_brain_ZR751_6,AJM1
ED_brain_ZR751_6,MAMDC4
ED_brain_ZR751_6,GASK1A
ED_brain_ZR751_6,SCARNA9
ED_brain_ZR751_6,SIK1B
ED_brain_ZR751_6,LINC00571
ED_brain_ZR751_6,SMIM31
ED_brain_ZR751_6,RERE-AS1
ED_brain_ZR751_6,PITRM1-AS1
ED_brain_ZR751_6,SNORD21
ED_brain_ZR751_6,SCAT1
ED_brain_ZR751_6,PINK1-AS
ED_brain_ZR751_6,C7orf66
ED_brain_ZR751_6,PRNCR1
ED_brain_ZR751_6,C2CD4D
ED_brain_ZR751_6,MIR3176
ED_brain_ZR751_6,SNORD9
ED_brain_ZR751_6,LINC02389
ED_brain_ZR751_6,SNORD88C
ED_brain_ZR751_6,AL357075.3
ED_brain_ZR751_8.1,PRCP
ED_brain_ZR751_8.1,RHOT1
ED_brain_ZR751_8.1,ITGB5
ED_brain_ZR751_8.1,GRK3
ED_brain_ZR751_8.1,PHPT1
ED_brain_ZR751_8.1,FN1
ED_brain_ZR751_8.1,FUCA1
ED_brain_ZR751_8.1,GTF2F1
ED_brain_ZR751_8.1,CISD2
ED_brain_ZR751_8.1,TUBA1A
ED_brain_ZR751_8.1,GGT1
ED_brain_ZR751_8.1,CRAT
ED_brain_ZR751_8.1,TPX2
ED_brain_ZR751_8.1,ZBTB46
ED_brain_ZR751_8.1,VARS2
ED_brain_ZR751_8.1,CPT2
ED_brain_ZR751_8.1,ANTKMT
ED_brain_ZR751_8.1,LRAT
ED_brain_ZR751_8.1,PRPF19
ED_brain_ZR751_8.1,MAGT1
ED_brain_ZR751_8.1,FAM177A1
ED_brain_ZR751_8.1,LRRC37A6P
ED_brain_ZR751_8.1,GEMIN4
ED_brain_ZR751_8.1,TUBGCP4
ED_brain_ZR751_8.1,ZNF653
ED_brain_ZR751_8.1,FBXL13
ED_brain_ZR751_8.1,WDR19
ED_brain_ZR751_8.1,CRISPLD2
ED_brain_ZR751_8.1,FAM13A-AS1
ED_brain_ZR751_8.1,DENND3
ED_brain_ZR751_8.1,SLC35A3
ED_brain_ZR751_8.1,KLF5
ED_brain_ZR751_8.1,PARPBP
ED_brain_ZR751_8.1,CMIP
ED_brain_ZR751_8.1,IGF2BP3
ED_brain_ZR751_8.1,CABLES2
ED_brain_ZR751_8.1,HARS1
ED_brain_ZR751_8.1,PCOLCE
ED_brain_ZR751_8.1,SEPTIN1
ED_brain_ZR751_8.1,BUD31
ED_brain_ZR751_8.1,ATXN7L1
ED_brain_ZR751_8.1,SLC4A1AP
ED_brain_ZR751_8.1,ZNF837
ED_brain_ZR751_8.1,SPRYD3
ED_brain_ZR751_8.1,APC2
ED_brain_ZR751_8.1,RAD17
ED_brain_ZR751_8.1,PIEZO1
ED_brain_ZR751_8.1,MNAT1
ED_brain_ZR751_8.1,MAST3
ED_brain_ZR751_8.1,ANXA11
ED_brain_ZR751_8.1,CD99L2
ED_brain_ZR751_8.1,PCDHGC3
ED_brain_ZR751_8.1,ANGPT2
ED_brain_ZR751_8.1,MB
ED_brain_ZR751_8.1,ARFIP2
ED_brain_ZR751_8.1,OBI1
ED_brain_ZR751_8.1,FMO5
ED_brain_ZR751_8.1,NAAA
ED_brain_ZR751_8.1,UCP2
ED_brain_ZR751_8.1,GALE
ED_brain_ZR751_8.1,FAM111A
ED_brain_ZR751_8.1,ANKS6
ED_brain_ZR751_8.1,CENPS
ED_brain_ZR751_8.1,SPATA5L1
ED_brain_ZR751_8.1,LAMTOR2
ED_brain_ZR751_8.1,ZNF367
ED_brain_ZR751_8.1,MPND
ED_brain_ZR751_8.1,EXOSC2
ED_brain_ZR751_8.1,STARD7
ED_brain_ZR751_8.1,ZFYVE19
ED_brain_ZR751_8.1,EXOC6
ED_brain_ZR751_8.1,TBC1D8B
ED_brain_ZR751_8.1,CENPS-CORT
ED_brain_ZR751_8.1,DISP1
ED_brain_ZR751_8.1,CDC26
ED_brain_ZR751_8.1,NUDT19
ED_brain_ZR751_8.1,TRMT10C
ED_brain_ZR751_8.1,LINS1
ED_brain_ZR751_8.1,BCKDK
ED_brain_ZR751_8.1,GAREM1
ED_brain_ZR751_8.1,SFT2D3
ED_brain_ZR751_8.1,UBTD2
ED_brain_ZR751_8.1,CCDC43
ED_brain_ZR751_8.1,RPL10A
ED_brain_ZR751_8.1,TMEM9
ED_brain_ZR751_8.1,ATPSCKMT
ED_brain_ZR751_8.1,TP53INP2
ED_brain_ZR751_8.1,KAZALD1
ED_brain_ZR751_8.1,MPZL2
ED_brain_ZR751_8.1,GHITM
ED_brain_ZR751_8.1,ATP6V1E2
ED_brain_ZR751_8.1,IFI30
ED_brain_ZR751_8.1,ORMDL1
ED_brain_ZR751_8.1,SH3BGRL3
ED_brain_ZR751_8.1,CUTALP
ED_brain_ZR751_8.1,DCAF12
ED_brain_ZR751_8.1,ZNHIT6
ED_brain_ZR751_8.1,NCK1-DT
ED_brain_ZR751_8.1,CCDC30
ED_brain_ZR751_8.1,PWWP2A
ED_brain_ZR751_8.1,TRAM1L1
ED_brain_ZR751_8.1,NFKBIB
ED_brain_ZR751_8.1,ADAMTSL4-AS1
ED_brain_ZR751_8.1,KLHL42
ED_brain_ZR751_8.1,SSR1
ED_brain_ZR751_8.1,MYRIP
ED_brain_ZR751_8.1,TNFSF13
ED_brain_ZR751_8.1,TNFSF12-TNFSF13
ED_brain_ZR751_8.1,ESR1
ED_brain_ZR751_8.1,CYTH3
ED_brain_ZR751_8.1,ADGRB2
ED_brain_ZR751_8.1,ZNF532
ED_brain_ZR751_8.1,ZDHHC6
ED_brain_ZR751_8.1,ZDHHC12
ED_brain_ZR751_8.1,TSPAN33
ED_brain_ZR751_8.1,PKN3
ED_brain_ZR751_8.1,DNAH3
ED_brain_ZR751_8.1,TBRG4
ED_brain_ZR751_8.1,PSMG4
ED_brain_ZR751_8.1,C1GALT1
ED_brain_ZR751_8.1,ZNF761
ED_brain_ZR751_8.1,KLB
ED_brain_ZR751_8.1,PHKA1
ED_brain_ZR751_8.1,TAF12
ED_brain_ZR751_8.1,BRMS1
ED_brain_ZR751_8.1,MBP
ED_brain_ZR751_8.1,FAM241A
ED_brain_ZR751_8.1,PARP9
ED_brain_ZR751_8.1,IFNGR1
ED_brain_ZR751_8.1,GRIA2
ED_brain_ZR751_8.1,HTR6
ED_brain_ZR751_8.1,MMGT1
ED_brain_ZR751_8.1,ATP13A3
ED_brain_ZR751_8.1,SEPSECS
ED_brain_ZR751_8.1,PTPN13
ED_brain_ZR751_8.1,DGKE
ED_brain_ZR751_8.1,TEN1
ED_brain_ZR751_8.1,LACC1
ED_brain_ZR751_8.1,NOD1
ED_brain_ZR751_8.1,RHOV
ED_brain_ZR751_8.1,SPATA2L
ED_brain_ZR751_8.1,SARM1
ED_brain_ZR751_8.1,TCAIM
ED_brain_ZR751_8.1,ZNRF3
ED_brain_ZR751_8.1,CNOT2-DT
ED_brain_ZR751_8.1,GAMT
ED_brain_ZR751_8.1,ZNF142
ED_brain_ZR751_8.1,NKRF
ED_brain_ZR751_8.1,DBNL
ED_brain_ZR751_8.1,SLC46A1
ED_brain_ZR751_8.1,TEN1-CDK3
ED_brain_ZR751_8.1,NEPRO
ED_brain_ZR751_8.1,TRAPPC11
ED_brain_ZR751_8.1,KLHL11
ED_brain_ZR751_8.1,TNK1
ED_brain_ZR751_8.1,SYNE4
ED_brain_ZR751_8.1,MEIOC
ED_brain_ZR751_8.1,SMARCA5-AS1
ED_brain_ZR751_8.1,MT-TR
ED_brain_ZR751_8.1,A1BG
ED_brain_ZR751_8.1,SNORA56
ED_brain_ZR751_8.1,GAS8-AS1
ED_brain_ZR751_8.1,LINC01106
ED_brain_ZR751_8.1,ZNF804B
ED_brain_ZR751_8.1,LINC01123
ED_brain_ZR751_8.1,SRGAP2D
ED_brain_ZR751_8.1,MIR1914
ED_brain_ZR751_8.1,MIR548AR
